a_correct,a_incorrect,reward
0.000552778636923601,0.999447221363076,0
0.000552778636923601,0.999447221363076,1
0.186223146220664,0.813776853779336,2
0.321610628669297,0.678389371330703,3
0.421665111644729,0.578334888355271,4
0.511852590594483,0.488147409405517,5
0.591986469155861,0.408013530844139,6
0.655198721514246,0.344801278485754,7
0.717495107385054,0.282504892614946,8
0.763372711006124,0.236627288993876,9
0.815727616070553,0.184272383929447,10
